﻿<?xml version="1.0" encoding="utf-8" standalone="no"?>
<Root>
  <Layer Id="2" Type="GeometryRoundRect" Name="RoundRect" Opacity="1" BlendMode="None" Visibility="Visible" TagType="None" IsExpand="true" IsSelected="false">
    <Corner>0.208159238</Corner>
    <Style>
      <IsFollowTransform>true</IsFollowTransform>
      <Fill Type="Color">
        <Color A="255" R="36" G="36" B="36" />
      </Fill>
      <Stroke Type="None" />
      <StrokeWidth>0</StrokeWidth>
      <StrokeStyle DashStyle="Solid" DashCap="Square" StartCap="Flat" EndCap="Flat" DashOffset="0" MiterLimit="10" LineJoin="Miter" />
    </Style>
    <Transform>
      <Transformer>
        <LeftTop X="88" Y="87.99994" />
        <RightTop X="1112" Y="87.99994" />
        <RightBottom X="1112" Y="1112" />
        <LeftBottom X="88" Y="1112" />
      </Transformer>
      <IsCrop>false</IsCrop>
    </Transform>
    <Effect />
    <Filter />
  </Layer>
  <Layer Id="3" Type="GeometryRectangle" Name="" Opacity="1" BlendMode="None" Visibility="Visible" TagType="None" IsExpand="false" IsSelected="false">
    <Style>
      <IsFollowTransform>true</IsFollowTransform>
      <Fill Type="Color">
        <Color A="255" R="23" G="23" B="23" />
      </Fill>
      <Stroke Type="None" />
      <StrokeWidth>0</StrokeWidth>
      <StrokeStyle DashStyle="Solid" DashCap="Square" StartCap="Flat" EndCap="Flat" DashOffset="0" MiterLimit="10" LineJoin="Miter" />
    </Style>
    <Transform>
      <Transformer>
        <LeftTop X="88" Y="85.35486" />
        <RightTop X="343.8263" Y="85.35486" />
        <RightBottom X="343.8263" Y="342.677429" />
        <LeftBottom X="88" Y="342.677429" />
      </Transformer>
      <IsCrop>false</IsCrop>
    </Transform>
    <Effect />
    <Filter />
  </Layer>
  <Layer Id="4" Type="GeometryRectangle" Name="" Opacity="1" BlendMode="None" Visibility="Visible" TagType="None" IsExpand="false" IsSelected="false">
    <Style>
      <IsFollowTransform>true</IsFollowTransform>
      <Fill Type="Color">
        <Color A="255" R="18" G="18" B="18" />
      </Fill>
      <Stroke Type="None" />
      <StrokeWidth>0</StrokeWidth>
      <StrokeStyle DashStyle="Solid" DashCap="Square" StartCap="Flat" EndCap="Flat" DashOffset="0" MiterLimit="10" LineJoin="Miter" />
    </Style>
    <Transform>
      <Transformer>
        <LeftTop X="88" Y="342.677429" />
        <RightTop X="343.8263" Y="342.677429" />
        <RightBottom X="343.8263" Y="600" />
        <LeftBottom X="88" Y="600" />
      </Transformer>
      <IsCrop>false</IsCrop>
    </Transform>
    <Effect />
    <Filter />
  </Layer>
  <Layer Id="5" Type="GeometryRectangle" Name="" Opacity="1" BlendMode="None" Visibility="Visible" TagType="None" IsExpand="false" IsSelected="false">
    <Style>
      <IsFollowTransform>true</IsFollowTransform>
      <Fill Type="Color">
        <Color A="255" R="35" G="35" B="35" />
      </Fill>
      <Stroke Type="None" />
      <StrokeWidth>0</StrokeWidth>
      <StrokeStyle DashStyle="Solid" DashCap="Square" StartCap="Flat" EndCap="Flat" DashOffset="0" MiterLimit="10" LineJoin="Miter" />
    </Style>
    <Transform>
      <Transformer>
        <LeftTop X="88" Y="857.3226" />
        <RightTop X="343.8263" Y="857.3226" />
        <RightBottom X="343.8263" Y="1114.64514" />
        <LeftBottom X="88" Y="1114.64514" />
      </Transformer>
      <IsCrop>false</IsCrop>
    </Transform>
    <Effect />
    <Filter />
  </Layer>
  <Layer Id="6" Type="GeometryRectangle" Name="" Opacity="1" BlendMode="None" Visibility="Visible" TagType="None" IsExpand="false" IsSelected="false">
    <Style>
      <IsFollowTransform>true</IsFollowTransform>
      <Fill Type="Color">
        <Color A="255" R="30" G="30" B="30" />
      </Fill>
      <Stroke Type="None" />
      <StrokeWidth>0</StrokeWidth>
      <StrokeStyle DashStyle="Solid" DashCap="Square" StartCap="Flat" EndCap="Flat" DashOffset="0" MiterLimit="10" LineJoin="Miter" />
    </Style>
    <Transform>
      <Transformer>
        <LeftTop X="88" Y="600" />
        <RightTop X="343.8263" Y="600" />
        <RightBottom X="343.8263" Y="857.3226" />
        <LeftBottom X="88" Y="857.3226" />
      </Transformer>
      <IsCrop>false</IsCrop>
    </Transform>
    <Effect />
    <Filter />
  </Layer>
  <Layer Id="7" Type="Group" Name="" Opacity="1" BlendMode="None" Visibility="Visible" TagType="None" IsExpand="false" IsSelected="false">
    <Style>
      <IsFollowTransform>true</IsFollowTransform>
      <Fill Type="None" />
      <Stroke Type="None" />
      <StrokeWidth>1</StrokeWidth>
      <StrokeStyle DashStyle="Solid" DashCap="Square" StartCap="Flat" EndCap="Flat" DashOffset="0" MiterLimit="10" LineJoin="Miter" />
    </Style>
    <Transform>
      <Transformer>
        <LeftTop X="88" Y="85.35486" />
        <RightTop X="343.8263" Y="85.35486" />
        <RightBottom X="343.8263" Y="1114.64514" />
        <LeftBottom X="88" Y="1114.64514" />
      </Transformer>
      <IsCrop>false</IsCrop>
    </Transform>
    <Effect />
    <Filter />
  </Layer>
  <Layer Id="8" Type="Group" Name="" Opacity="1" BlendMode="None" Visibility="Visible" TagType="None" IsExpand="false" IsSelected="true">
    <Style>
      <IsFollowTransform>true</IsFollowTransform>
      <Fill Type="None" />
      <Stroke Type="None" />
      <StrokeWidth>1</StrokeWidth>
      <StrokeStyle DashStyle="Solid" DashCap="Square" StartCap="Flat" EndCap="Flat" DashOffset="0" MiterLimit="10" LineJoin="Miter" />
    </Style>
    <Transform>
      <Transformer>
        <LeftTop X="344.1737" Y="85.35486" />
        <RightTop X="600" Y="85.35486" />
        <RightBottom X="600" Y="1114.64514" />
        <LeftBottom X="344.1737" Y="1114.64514" />
      </Transformer>
      <IsCrop>false</IsCrop>
    </Transform>
    <Effect />
    <Filter />
  </Layer>
  <Layer Id="9" Type="GeometryRectangle" Name="" Opacity="1" BlendMode="None" Visibility="Visible" TagType="None" IsExpand="false" IsSelected="false">
    <Style>
      <IsFollowTransform>true</IsFollowTransform>
      <Fill Type="Color">
        <Color A="255" R="36" G="36" B="36" />
      </Fill>
      <Stroke Type="None" />
      <StrokeWidth>0</StrokeWidth>
      <StrokeStyle DashStyle="Solid" DashCap="Square" StartCap="Flat" EndCap="Flat" DashOffset="0" MiterLimit="10" LineJoin="Miter" />
    </Style>
    <Transform>
      <Transformer>
        <LeftTop X="344.1737" Y="600" />
        <RightTop X="600" Y="600" />
        <RightBottom X="600" Y="857.3226" />
        <LeftBottom X="344.1737" Y="857.3226" />
      </Transformer>
      <IsCrop>false</IsCrop>
    </Transform>
    <Effect />
    <Filter />
  </Layer>
  <Layer Id="10" Type="GeometryRectangle" Name="" Opacity="1" BlendMode="None" Visibility="Visible" TagType="None" IsExpand="false" IsSelected="false">
    <Style>
      <IsFollowTransform>true</IsFollowTransform>
      <Fill Type="Color">
        <Color A="255" R="36" G="36" B="36" />
      </Fill>
      <Stroke Type="None" />
      <StrokeWidth>0</StrokeWidth>
      <StrokeStyle DashStyle="Solid" DashCap="Square" StartCap="Flat" EndCap="Flat" DashOffset="0" MiterLimit="10" LineJoin="Miter" />
    </Style>
    <Transform>
      <Transformer>
        <LeftTop X="344.1737" Y="857.3226" />
        <RightTop X="600" Y="857.3226" />
        <RightBottom X="600" Y="1114.64514" />
        <LeftBottom X="344.1737" Y="1114.64514" />
      </Transformer>
      <IsCrop>false</IsCrop>
    </Transform>
    <Effect />
    <Filter />
  </Layer>
  <Layer Id="11" Type="GeometryRectangle" Name="" Opacity="1" BlendMode="None" Visibility="Visible" TagType="None" IsExpand="false" IsSelected="false">
    <Style>
      <IsFollowTransform>true</IsFollowTransform>
      <Fill Type="Color">
        <Color A="255" R="35" G="35" B="35" />
      </Fill>
      <Stroke Type="None" />
      <StrokeWidth>0</StrokeWidth>
      <StrokeStyle DashStyle="Solid" DashCap="Square" StartCap="Flat" EndCap="Flat" DashOffset="0" MiterLimit="10" LineJoin="Miter" />
    </Style>
    <Transform>
      <Transformer>
        <LeftTop X="344.1737" Y="342.677429" />
        <RightTop X="600" Y="342.677429" />
        <RightBottom X="600" Y="600" />
        <LeftBottom X="344.1737" Y="600" />
      </Transformer>
      <IsCrop>false</IsCrop>
    </Transform>
    <Effect />
    <Filter />
  </Layer>
  <Layer Id="12" Type="GeometryRectangle" Name="" Opacity="1" BlendMode="None" Visibility="Visible" TagType="None" IsExpand="false" IsSelected="false">
    <Style>
      <IsFollowTransform>true</IsFollowTransform>
      <Fill Type="Color">
        <Color A="255" R="35" G="35" B="35" />
      </Fill>
      <Stroke Type="None" />
      <StrokeWidth>0</StrokeWidth>
      <StrokeStyle DashStyle="Solid" DashCap="Square" StartCap="Flat" EndCap="Flat" DashOffset="0" MiterLimit="10" LineJoin="Miter" />
    </Style>
    <Transform>
      <Transformer>
        <LeftTop X="344.1737" Y="85.35486" />
        <RightTop X="600" Y="85.35486" />
        <RightBottom X="600" Y="342.677429" />
        <LeftBottom X="344.1737" Y="342.677429" />
      </Transformer>
      <IsCrop>false</IsCrop>
    </Transform>
    <Effect />
    <Filter />
  </Layer>
  <Layer Id="13" Type="Group" Name="" Opacity="1" BlendMode="None" Visibility="Visible" TagType="None" IsExpand="false" IsSelected="false">
    <Style>
      <IsFollowTransform>true</IsFollowTransform>
      <Fill Type="None" />
      <Stroke Type="None" />
      <StrokeWidth>1</StrokeWidth>
      <StrokeStyle DashStyle="Solid" DashCap="Square" StartCap="Flat" EndCap="Flat" DashOffset="0" MiterLimit="10" LineJoin="Miter" />
    </Style>
    <Transform>
      <Transformer>
        <LeftTop X="600" Y="85.35486" />
        <RightTop X="855.826233" Y="85.35486" />
        <RightBottom X="855.826233" Y="1114.64514" />
        <LeftBottom X="600" Y="1114.64514" />
      </Transformer>
      <IsCrop>false</IsCrop>
    </Transform>
    <Effect />
    <Filter />
  </Layer>
  <Layer Id="14" Type="GeometryRectangle" Name="" Opacity="1" BlendMode="None" Visibility="Visible" TagType="None" IsExpand="false" IsSelected="false">
    <Style>
      <IsFollowTransform>true</IsFollowTransform>
      <Fill Type="Color">
        <Color A="255" R="30" G="30" B="30" />
      </Fill>
      <Stroke Type="None" />
      <StrokeWidth>0</StrokeWidth>
      <StrokeStyle DashStyle="Solid" DashCap="Square" StartCap="Flat" EndCap="Flat" DashOffset="0" MiterLimit="10" LineJoin="Miter" />
    </Style>
    <Transform>
      <Transformer>
        <LeftTop X="600" Y="600" />
        <RightTop X="855.826233" Y="600" />
        <RightBottom X="855.826233" Y="857.3226" />
        <LeftBottom X="600" Y="857.3226" />
      </Transformer>
      <IsCrop>false</IsCrop>
    </Transform>
    <Effect />
    <Filter />
  </Layer>
  <Layer Id="15" Type="GeometryRectangle" Name="" Opacity="1" BlendMode="None" Visibility="Visible" TagType="None" IsExpand="false" IsSelected="false">
    <Style>
      <IsFollowTransform>true</IsFollowTransform>
      <Fill Type="Color">
        <Color A="255" R="27" G="27" B="27" />
      </Fill>
      <Stroke Type="None" />
      <StrokeWidth>0</StrokeWidth>
      <StrokeStyle DashStyle="Solid" DashCap="Square" StartCap="Flat" EndCap="Flat" DashOffset="0" MiterLimit="10" LineJoin="Miter" />
    </Style>
    <Transform>
      <Transformer>
        <LeftTop X="600" Y="857.3226" />
        <RightTop X="855.826233" Y="857.3226" />
        <RightBottom X="855.826233" Y="1114.64514" />
        <LeftBottom X="600" Y="1114.64514" />
      </Transformer>
      <IsCrop>false</IsCrop>
    </Transform>
    <Effect />
    <Filter />
  </Layer>
  <Layer Id="16" Type="GeometryRectangle" Name="" Opacity="1" BlendMode="None" Visibility="Visible" TagType="None" IsExpand="false" IsSelected="false">
    <Style>
      <IsFollowTransform>true</IsFollowTransform>
      <Fill Type="Color">
        <Color A="255" R="36" G="36" B="36" />
      </Fill>
      <Stroke Type="None" />
      <StrokeWidth>0</StrokeWidth>
      <StrokeStyle DashStyle="Solid" DashCap="Square" StartCap="Flat" EndCap="Flat" DashOffset="0" MiterLimit="10" LineJoin="Miter" />
    </Style>
    <Transform>
      <Transformer>
        <LeftTop X="600" Y="342.677429" />
        <RightTop X="855.826233" Y="342.677429" />
        <RightBottom X="855.826233" Y="600" />
        <LeftBottom X="600" Y="600" />
      </Transformer>
      <IsCrop>false</IsCrop>
    </Transform>
    <Effect />
    <Filter />
  </Layer>
  <Layer Id="17" Type="GeometryRectangle" Name="" Opacity="1" BlendMode="None" Visibility="Visible" TagType="None" IsExpand="false" IsSelected="false">
    <Style>
      <IsFollowTransform>true</IsFollowTransform>
      <Fill Type="Color">
        <Color A="255" R="36" G="36" B="36" />
      </Fill>
      <Stroke Type="None" />
      <StrokeWidth>0</StrokeWidth>
      <StrokeStyle DashStyle="Solid" DashCap="Square" StartCap="Flat" EndCap="Flat" DashOffset="0" MiterLimit="10" LineJoin="Miter" />
    </Style>
    <Transform>
      <Transformer>
        <LeftTop X="600" Y="85.35486" />
        <RightTop X="855.826233" Y="85.35486" />
        <RightBottom X="855.826233" Y="342.677429" />
        <LeftBottom X="600" Y="342.677429" />
      </Transformer>
      <IsCrop>false</IsCrop>
    </Transform>
    <Effect />
    <Filter />
  </Layer>
  <Layer Id="18" Type="Group" Name="" Opacity="1" BlendMode="None" Visibility="Visible" TagType="None" IsExpand="false" IsSelected="false">
    <Style>
      <IsFollowTransform>true</IsFollowTransform>
      <Fill Type="None" />
      <Stroke Type="None" />
      <StrokeWidth>1</StrokeWidth>
      <StrokeStyle DashStyle="Solid" DashCap="Square" StartCap="Flat" EndCap="Flat" DashOffset="0" MiterLimit="10" LineJoin="Miter" />
    </Style>
    <Transform>
      <Transformer>
        <LeftTop X="856.173767" Y="85.35486" />
        <RightTop X="1112" Y="85.35486" />
        <RightBottom X="1112" Y="1114.64514" />
        <LeftBottom X="856.173767" Y="1114.64514" />
      </Transformer>
      <IsCrop>false</IsCrop>
    </Transform>
    <Effect />
    <Filter />
  </Layer>
  <Layer Id="19" Type="GeometryRectangle" Name="" Opacity="1" BlendMode="None" Visibility="Visible" TagType="None" IsExpand="false" IsSelected="false">
    <Style>
      <IsFollowTransform>true</IsFollowTransform>
      <Fill Type="Color">
        <Color A="255" R="19" G="19" B="19" />
      </Fill>
      <Stroke Type="None" />
      <StrokeWidth>0</StrokeWidth>
      <StrokeStyle DashStyle="Solid" DashCap="Square" StartCap="Flat" EndCap="Flat" DashOffset="0" MiterLimit="10" LineJoin="Miter" />
    </Style>
    <Transform>
      <Transformer>
        <LeftTop X="856.173767" Y="600" />
        <RightTop X="1112" Y="600" />
        <RightBottom X="1112" Y="857.3226" />
        <LeftBottom X="856.173767" Y="857.3226" />
      </Transformer>
      <IsCrop>false</IsCrop>
    </Transform>
    <Effect />
    <Filter />
  </Layer>
  <Layer Id="20" Type="GeometryRectangle" Name="" Opacity="1" BlendMode="None" Visibility="Visible" TagType="None" IsExpand="false" IsSelected="false">
    <Style>
      <IsFollowTransform>true</IsFollowTransform>
      <Fill Type="Color">
        <Color A="255" R="22" G="22" B="22" />
      </Fill>
      <Stroke Type="None" />
      <StrokeWidth>0</StrokeWidth>
      <StrokeStyle DashStyle="Solid" DashCap="Square" StartCap="Flat" EndCap="Flat" DashOffset="0" MiterLimit="10" LineJoin="Miter" />
    </Style>
    <Transform>
      <Transformer>
        <LeftTop X="856.173767" Y="857.3226" />
        <RightTop X="1112" Y="857.3226" />
        <RightBottom X="1112" Y="1114.64514" />
        <LeftBottom X="856.173767" Y="1114.64514" />
      </Transformer>
      <IsCrop>false</IsCrop>
    </Transform>
    <Effect />
    <Filter />
  </Layer>
  <Layer Id="21" Type="GeometryRectangle" Name="" Opacity="1" BlendMode="None" Visibility="Visible" TagType="None" IsExpand="false" IsSelected="false">
    <Style>
      <IsFollowTransform>true</IsFollowTransform>
      <Fill Type="Color">
        <Color A="255" R="29" G="29" B="29" />
      </Fill>
      <Stroke Type="None" />
      <StrokeWidth>0</StrokeWidth>
      <StrokeStyle DashStyle="Solid" DashCap="Square" StartCap="Flat" EndCap="Flat" DashOffset="0" MiterLimit="10" LineJoin="Miter" />
    </Style>
    <Transform>
      <Transformer>
        <LeftTop X="856.173767" Y="342.677429" />
        <RightTop X="1112" Y="342.677429" />
        <RightBottom X="1112" Y="600" />
        <LeftBottom X="856.173767" Y="600" />
      </Transformer>
      <IsCrop>false</IsCrop>
    </Transform>
    <Effect />
    <Filter />
  </Layer>
  <Layer Id="22" Type="GeometryRectangle" Name="" Opacity="1" BlendMode="None" Visibility="Visible" TagType="None" IsExpand="false" IsSelected="false">
    <Style>
      <IsFollowTransform>true</IsFollowTransform>
      <Fill Type="Color">
        <Color A="255" R="24" G="24" B="24" />
      </Fill>
      <Stroke Type="None" />
      <StrokeWidth>0</StrokeWidth>
      <StrokeStyle DashStyle="Solid" DashCap="Square" StartCap="Flat" EndCap="Flat" DashOffset="0" MiterLimit="10" LineJoin="Miter" />
    </Style>
    <Transform>
      <Transformer>
        <LeftTop X="856.173767" Y="85.35486" />
        <RightTop X="1112" Y="85.35486" />
        <RightBottom X="1112" Y="342.677429" />
        <LeftBottom X="856.173767" Y="342.677429" />
      </Transformer>
      <IsCrop>false</IsCrop>
    </Transform>
    <Effect />
    <Filter />
  </Layer>
  <Layer Id="25" Type="GeometryDount" Name="Dount" Opacity="1" BlendMode="None" Visibility="Visible" TagType="None" IsExpand="false" IsSelected="false">
    <HoleRadius>0.7900072</HoleRadius>
    <Style>
      <IsFollowTransform>true</IsFollowTransform>
      <Fill Type="Color">
        <Color A="255" R="241" G="236" B="255" />
      </Fill>
      <Stroke Type="None" />
      <StrokeWidth>0</StrokeWidth>
      <StrokeStyle DashStyle="Solid" DashCap="Square" StartCap="Flat" EndCap="Flat" DashOffset="0" MiterLimit="10" LineJoin="Miter" />
    </Style>
    <Transform>
      <Transformer>
        <LeftTop X="267.6494" Y="267.6494" />
        <RightTop X="932.3506" Y="267.6494" />
        <RightBottom X="932.3506" Y="932.3506" />
        <LeftBottom X="267.6494" Y="932.3506" />
      </Transformer>
      <IsCrop>false</IsCrop>
    </Transform>
    <Effect />
    <Filter />
  </Layer>
  <Layer Id="68" Type="Group" Name="" Opacity="1" BlendMode="None" Visibility="Visible" TagType="None" IsExpand="false" IsSelected="false">
    <Style>
      <IsFollowTransform>true</IsFollowTransform>
      <Fill Type="Color">
        <Color A="255" R="54" G="177" B="251" />
      </Fill>
      <Stroke Type="None" />
      <StrokeWidth>1</StrokeWidth>
      <StrokeStyle DashStyle="Solid" DashCap="Square" StartCap="Flat" EndCap="Flat" DashOffset="0" MiterLimit="10" LineJoin="Miter" />
    </Style>
    <Transform>
      <Transformer>
        <LeftTop X="766.2881" Y="267.6494" />
        <RightTop X="932.350647" Y="267.6494" />
        <RightBottom X="932.350647" Y="932.3506" />
        <LeftBottom X="766.2881" Y="932.3506" />
      </Transformer>
      <IsCrop>false</IsCrop>
    </Transform>
    <Effect />
    <Filter />
  </Layer>
  <Layer Id="69" Type="GeometryRectangle" Name="" Opacity="1" BlendMode="None" Visibility="Visible" TagType="None" IsExpand="false" IsSelected="false">
    <Style>
      <IsFollowTransform>true</IsFollowTransform>
      <Fill Type="Color">
        <Color A="255" R="0" G="219" B="242" />
      </Fill>
      <Stroke Type="None" />
      <StrokeWidth>0</StrokeWidth>
      <StrokeStyle DashStyle="Solid" DashCap="Square" StartCap="Flat" EndCap="Flat" DashOffset="0" MiterLimit="10" LineJoin="Miter" />
    </Style>
    <Transform>
      <Transformer>
        <LeftTop X="766.2881" Y="766.1753" />
        <RightTop X="932.350647" Y="766.1753" />
        <RightBottom X="932.350647" Y="932.3506" />
        <LeftBottom X="766.2881" Y="932.3506" />
      </Transformer>
      <IsCrop>false</IsCrop>
    </Transform>
    <Effect />
    <Filter />
  </Layer>
  <Layer Id="70" Type="GeometryRectangle" Name="" Opacity="1" BlendMode="None" Visibility="Visible" TagType="None" IsExpand="false" IsSelected="false">
    <Style>
      <IsFollowTransform>true</IsFollowTransform>
      <Fill Type="Color">
        <Color A="255" R="18" G="232" B="249" />
      </Fill>
      <Stroke Type="None" />
      <StrokeWidth>0</StrokeWidth>
      <StrokeStyle DashStyle="Solid" DashCap="Square" StartCap="Flat" EndCap="Flat" DashOffset="0" MiterLimit="10" LineJoin="Miter" />
    </Style>
    <Transform>
      <Transformer>
        <LeftTop X="766.2881" Y="600" />
        <RightTop X="932.350647" Y="600" />
        <RightBottom X="932.350647" Y="766.1753" />
        <LeftBottom X="766.2881" Y="766.1753" />
      </Transformer>
      <IsCrop>false</IsCrop>
    </Transform>
    <Effect />
    <Filter />
  </Layer>
  <Layer Id="71" Type="GeometryRectangle" Name="" Opacity="1" BlendMode="None" Visibility="Visible" TagType="None" IsExpand="false" IsSelected="false">
    <Style>
      <IsFollowTransform>true</IsFollowTransform>
      <Fill Type="Color">
        <Color A="255" R="40" G="183" B="253" />
      </Fill>
      <Stroke Type="None" />
      <StrokeWidth>0</StrokeWidth>
      <StrokeStyle DashStyle="Solid" DashCap="Square" StartCap="Flat" EndCap="Flat" DashOffset="0" MiterLimit="10" LineJoin="Miter" />
    </Style>
    <Transform>
      <Transformer>
        <LeftTop X="766.2881" Y="433.8247" />
        <RightTop X="932.350647" Y="433.8247" />
        <RightBottom X="932.350647" Y="600" />
        <LeftBottom X="766.2881" Y="600" />
      </Transformer>
      <IsCrop>false</IsCrop>
    </Transform>
    <Effect />
    <Filter />
  </Layer>
  <Layer Id="72" Type="GeometryRectangle" Name="" Opacity="1" BlendMode="None" Visibility="Visible" TagType="None" IsExpand="false" IsSelected="false">
    <Style>
      <IsFollowTransform>true</IsFollowTransform>
      <Fill Type="Color">
        <Color A="255" R="54" G="177" B="251" />
      </Fill>
      <Stroke Type="None" />
      <StrokeWidth>0</StrokeWidth>
      <StrokeStyle DashStyle="Solid" DashCap="Square" StartCap="Flat" EndCap="Flat" DashOffset="0" MiterLimit="10" LineJoin="Miter" />
    </Style>
    <Transform>
      <Transformer>
        <LeftTop X="766.2881" Y="267.6494" />
        <RightTop X="932.350647" Y="267.6494" />
        <RightBottom X="932.350647" Y="433.8247" />
        <LeftBottom X="766.2881" Y="433.8247" />
      </Transformer>
      <IsCrop>false</IsCrop>
    </Transform>
    <Effect />
    <Filter />
  </Layer>
  <Layer Id="73" Type="Group" Name="" Opacity="1" BlendMode="None" Visibility="Visible" TagType="None" IsExpand="false" IsSelected="false">
    <Style>
      <IsFollowTransform>true</IsFollowTransform>
      <Fill Type="Color">
        <Color A="255" R="54" G="177" B="251" />
      </Fill>
      <Stroke Type="None" />
      <StrokeWidth>1</StrokeWidth>
      <StrokeStyle DashStyle="Solid" DashCap="Square" StartCap="Flat" EndCap="Flat" DashOffset="0" MiterLimit="10" LineJoin="Miter" />
    </Style>
    <Transform>
      <Transformer>
        <LeftTop X="600" Y="267.6494" />
        <RightTop X="766.0625" Y="267.6494" />
        <RightBottom X="766.0625" Y="932.3506" />
        <LeftBottom X="600" Y="932.3506" />
      </Transformer>
      <IsCrop>false</IsCrop>
    </Transform>
    <Effect />
    <Filter />
  </Layer>
  <Layer Id="74" Type="GeometryRectangle" Name="" Opacity="1" BlendMode="None" Visibility="Visible" TagType="None" IsExpand="false" IsSelected="false">
    <Style>
      <IsFollowTransform>true</IsFollowTransform>
      <Fill Type="Color">
        <Color A="255" R="2" G="188" B="250" />
      </Fill>
      <Stroke Type="None" />
      <StrokeWidth>0</StrokeWidth>
      <StrokeStyle DashStyle="Solid" DashCap="Square" StartCap="Flat" EndCap="Flat" DashOffset="0" MiterLimit="10" LineJoin="Miter" />
    </Style>
    <Transform>
      <Transformer>
        <LeftTop X="600" Y="766.1753" />
        <RightTop X="766.0625" Y="766.1753" />
        <RightBottom X="766.0625" Y="932.3506" />
        <LeftBottom X="600" Y="932.3506" />
      </Transformer>
      <IsCrop>false</IsCrop>
    </Transform>
    <Effect />
    <Filter />
  </Layer>
  <Layer Id="75" Type="GeometryRectangle" Name="" Opacity="1" BlendMode="None" Visibility="Visible" TagType="None" IsExpand="false" IsSelected="false">
    <Style>
      <IsFollowTransform>true</IsFollowTransform>
      <Fill Type="Color">
        <Color A="255" R="55" G="68" B="251" />
      </Fill>
      <Stroke Type="None" />
      <StrokeWidth>0</StrokeWidth>
      <StrokeStyle DashStyle="Solid" DashCap="Square" StartCap="Flat" EndCap="Flat" DashOffset="0" MiterLimit="10" LineJoin="Miter" />
    </Style>
    <Transform>
      <Transformer>
        <LeftTop X="600" Y="600" />
        <RightTop X="766.0625" Y="600" />
        <RightBottom X="766.0625" Y="766.1753" />
        <LeftBottom X="600" Y="766.1753" />
      </Transformer>
      <IsCrop>false</IsCrop>
    </Transform>
    <Effect />
    <Filter />
  </Layer>
  <Layer Id="76" Type="GeometryRectangle" Name="" Opacity="1" BlendMode="None" Visibility="Visible" TagType="None" IsExpand="false" IsSelected="false">
    <Style>
      <IsFollowTransform>true</IsFollowTransform>
      <Fill Type="Color">
        <Color A="255" R="251" G="71" B="242" />
      </Fill>
      <Stroke Type="None" />
      <StrokeWidth>0</StrokeWidth>
      <StrokeStyle DashStyle="Solid" DashCap="Square" StartCap="Flat" EndCap="Flat" DashOffset="0" MiterLimit="10" LineJoin="Miter" />
    </Style>
    <Transform>
      <Transformer>
        <LeftTop X="600" Y="433.8247" />
        <RightTop X="766.0625" Y="433.8247" />
        <RightBottom X="766.0625" Y="600" />
        <LeftBottom X="600" Y="600" />
      </Transformer>
      <IsCrop>false</IsCrop>
    </Transform>
    <Effect />
    <Filter />
  </Layer>
  <Layer Id="77" Type="GeometryRectangle" Name="" Opacity="1" BlendMode="None" Visibility="Visible" TagType="None" IsExpand="false" IsSelected="false">
    <Style>
      <IsFollowTransform>true</IsFollowTransform>
      <Fill Type="Color">
        <Color A="255" R="152" G="100" B="199" />
      </Fill>
      <Stroke Type="None" />
      <StrokeWidth>0</StrokeWidth>
      <StrokeStyle DashStyle="Solid" DashCap="Square" StartCap="Flat" EndCap="Flat" DashOffset="0" MiterLimit="10" LineJoin="Miter" />
    </Style>
    <Transform>
      <Transformer>
        <LeftTop X="600" Y="267.6494" />
        <RightTop X="766.0625" Y="267.6494" />
        <RightBottom X="766.0625" Y="433.8247" />
        <LeftBottom X="600" Y="433.8247" />
      </Transformer>
      <IsCrop>false</IsCrop>
    </Transform>
    <Effect />
    <Filter />
  </Layer>
  <Layer Id="78" Type="Group" Name="" Opacity="1" BlendMode="None" Visibility="Visible" TagType="None" IsExpand="false" IsSelected="false">
    <Style>
      <IsFollowTransform>true</IsFollowTransform>
      <Fill Type="Color">
        <Color A="255" R="54" G="177" B="251" />
      </Fill>
      <Stroke Type="None" />
      <StrokeWidth>1</StrokeWidth>
      <StrokeStyle DashStyle="Solid" DashCap="Square" StartCap="Flat" EndCap="Flat" DashOffset="0" MiterLimit="10" LineJoin="Miter" />
    </Style>
    <Transform>
      <Transformer>
        <LeftTop X="433.9375" Y="267.6494" />
        <RightTop X="600" Y="267.6494" />
        <RightBottom X="600" Y="932.3506" />
        <LeftBottom X="433.9375" Y="932.3506" />
      </Transformer>
      <IsCrop>false</IsCrop>
    </Transform>
    <Effect />
    <Filter />
  </Layer>
  <Layer Id="79" Type="GeometryRectangle" Name="" Opacity="1" BlendMode="None" Visibility="Visible" TagType="None" IsExpand="false" IsSelected="false">
    <Style>
      <IsFollowTransform>true</IsFollowTransform>
      <Fill Type="Color">
        <Color A="255" R="102" G="144" B="252" />
      </Fill>
      <Stroke Type="None" />
      <StrokeWidth>0</StrokeWidth>
      <StrokeStyle DashStyle="Solid" DashCap="Square" StartCap="Flat" EndCap="Flat" DashOffset="0" MiterLimit="10" LineJoin="Miter" />
    </Style>
    <Transform>
      <Transformer>
        <LeftTop X="433.9375" Y="766.1753" />
        <RightTop X="600" Y="766.1753" />
        <RightBottom X="600" Y="932.3506" />
        <LeftBottom X="433.9375" Y="932.3506" />
      </Transformer>
      <IsCrop>false</IsCrop>
    </Transform>
    <Effect />
    <Filter />
  </Layer>
  <Layer Id="80" Type="GeometryRectangle" Name="" Opacity="1" BlendMode="None" Visibility="Visible" TagType="None" IsExpand="false" IsSelected="false">
    <Style>
      <IsFollowTransform>true</IsFollowTransform>
      <Fill Type="Color">
        <Color A="255" R="85" G="88" B="252" />
      </Fill>
      <Stroke Type="None" />
      <StrokeWidth>0</StrokeWidth>
      <StrokeStyle DashStyle="Solid" DashCap="Square" StartCap="Flat" EndCap="Flat" DashOffset="0" MiterLimit="10" LineJoin="Miter" />
    </Style>
    <Transform>
      <Transformer>
        <LeftTop X="433.9375" Y="600" />
        <RightTop X="600" Y="600" />
        <RightBottom X="600" Y="766.1753" />
        <LeftBottom X="433.9375" Y="766.1753" />
      </Transformer>
      <IsCrop>false</IsCrop>
    </Transform>
    <Effect />
    <Filter />
  </Layer>
  <Layer Id="81" Type="GeometryRectangle" Name="" Opacity="1" BlendMode="None" Visibility="Visible" TagType="None" IsExpand="false" IsSelected="false">
    <Style>
      <IsFollowTransform>true</IsFollowTransform>
      <Fill Type="Color">
        <Color A="255" R="194" G="59" B="251" />
      </Fill>
      <Stroke Type="None" />
      <StrokeWidth>0</StrokeWidth>
      <StrokeStyle DashStyle="Solid" DashCap="Square" StartCap="Flat" EndCap="Flat" DashOffset="0" MiterLimit="10" LineJoin="Miter" />
    </Style>
    <Transform>
      <Transformer>
        <LeftTop X="433.9375" Y="433.8247" />
        <RightTop X="600" Y="433.8247" />
        <RightBottom X="600" Y="600" />
        <LeftBottom X="433.9375" Y="600" />
      </Transformer>
      <IsCrop>false</IsCrop>
    </Transform>
    <Effect />
    <Filter />
  </Layer>
  <Layer Id="82" Type="GeometryRectangle" Name="" Opacity="1" BlendMode="None" Visibility="Visible" TagType="None" IsExpand="false" IsSelected="false">
    <Style>
      <IsFollowTransform>true</IsFollowTransform>
      <Fill Type="Color">
        <Color A="255" R="219" G="58" B="155" />
      </Fill>
      <Stroke Type="None" />
      <StrokeWidth>0</StrokeWidth>
      <StrokeStyle DashStyle="Solid" DashCap="Square" StartCap="Flat" EndCap="Flat" DashOffset="0" MiterLimit="10" LineJoin="Miter" />
    </Style>
    <Transform>
      <Transformer>
        <LeftTop X="433.9375" Y="267.6494" />
        <RightTop X="600" Y="267.6494" />
        <RightBottom X="600" Y="433.8247" />
        <LeftBottom X="433.9375" Y="433.8247" />
      </Transformer>
      <IsCrop>false</IsCrop>
    </Transform>
    <Effect />
    <Filter />
  </Layer>
  <Layer Id="83" Type="Group" Name="" Opacity="1" BlendMode="None" Visibility="Visible" TagType="None" IsExpand="false" IsSelected="false">
    <Style>
      <IsFollowTransform>true</IsFollowTransform>
      <Fill Type="Color">
        <Color A="255" R="54" G="177" B="251" />
      </Fill>
      <Stroke Type="None" />
      <StrokeWidth>1</StrokeWidth>
      <StrokeStyle DashStyle="Solid" DashCap="Square" StartCap="Flat" EndCap="Flat" DashOffset="0" MiterLimit="10" LineJoin="Miter" />
    </Style>
    <Transform>
      <Transformer>
        <LeftTop X="267.6494" Y="267.6494" />
        <RightTop X="433.711975" Y="267.6494" />
        <RightBottom X="433.711975" Y="932.3506" />
        <LeftBottom X="267.6494" Y="932.3506" />
      </Transformer>
      <IsCrop>false</IsCrop>
    </Transform>
    <Effect />
    <Filter />
  </Layer>
  <Layer Id="84" Type="GeometryRectangle" Name="" Opacity="1" BlendMode="None" Visibility="Visible" TagType="None" IsExpand="false" IsSelected="false">
    <Style>
      <IsFollowTransform>true</IsFollowTransform>
      <Fill Type="Color">
        <Color A="255" R="252" G="101" B="38" />
      </Fill>
      <Stroke Type="None" />
      <StrokeWidth>0</StrokeWidth>
      <StrokeStyle DashStyle="Solid" DashCap="Square" StartCap="Flat" EndCap="Flat" DashOffset="0" MiterLimit="10" LineJoin="Miter" />
    </Style>
    <Transform>
      <Transformer>
        <LeftTop X="267.6494" Y="766.1753" />
        <RightTop X="433.711975" Y="766.1753" />
        <RightBottom X="433.711975" Y="932.3506" />
        <LeftBottom X="267.6494" Y="932.3506" />
      </Transformer>
      <IsCrop>false</IsCrop>
    </Transform>
    <Effect />
    <Filter />
  </Layer>
  <Layer Id="85" Type="GeometryRectangle" Name="" Opacity="1" BlendMode="None" Visibility="Visible" TagType="None" IsExpand="false" IsSelected="false">
    <Style>
      <IsFollowTransform>true</IsFollowTransform>
      <Fill Type="Color">
        <Color A="255" R="229" G="83" B="2" />
      </Fill>
      <Stroke Type="None" />
      <StrokeWidth>0</StrokeWidth>
      <StrokeStyle DashStyle="Solid" DashCap="Square" StartCap="Flat" EndCap="Flat" DashOffset="0" MiterLimit="10" LineJoin="Miter" />
    </Style>
    <Transform>
      <Transformer>
        <LeftTop X="267.6494" Y="600" />
        <RightTop X="433.711975" Y="600" />
        <RightBottom X="433.711975" Y="766.1753" />
        <LeftBottom X="267.6494" Y="766.1753" />
      </Transformer>
      <IsCrop>false</IsCrop>
    </Transform>
    <Effect />
    <Filter />
  </Layer>
  <Layer Id="86" Type="GeometryRectangle" Name="" Opacity="1" BlendMode="None" Visibility="Visible" TagType="None" IsExpand="false" IsSelected="false">
    <Style>
      <IsFollowTransform>true</IsFollowTransform>
      <Fill Type="Color">
        <Color A="255" R="255" G="151" B="0" />
      </Fill>
      <Stroke Type="None" />
      <StrokeWidth>0</StrokeWidth>
      <StrokeStyle DashStyle="Solid" DashCap="Square" StartCap="Flat" EndCap="Flat" DashOffset="0" MiterLimit="10" LineJoin="Miter" />
    </Style>
    <Transform>
      <Transformer>
        <LeftTop X="267.6494" Y="433.8247" />
        <RightTop X="433.711975" Y="433.8247" />
        <RightBottom X="433.711975" Y="600" />
        <LeftBottom X="267.6494" Y="600" />
      </Transformer>
      <IsCrop>false</IsCrop>
    </Transform>
    <Effect />
    <Filter />
  </Layer>
  <Layer Id="87" Type="GeometryRectangle" Name="" Opacity="1" BlendMode="None" Visibility="Visible" TagType="None" IsExpand="false" IsSelected="false">
    <Style>
      <IsFollowTransform>true</IsFollowTransform>
      <Fill Type="Color">
        <Color A="255" R="250" G="131" B="5" />
      </Fill>
      <Stroke Type="None" />
      <StrokeWidth>0</StrokeWidth>
      <StrokeStyle DashStyle="Solid" DashCap="Square" StartCap="Flat" EndCap="Flat" DashOffset="0" MiterLimit="10" LineJoin="Miter" />
    </Style>
    <Transform>
      <Transformer>
        <LeftTop X="267.6494" Y="267.6494" />
        <RightTop X="433.711975" Y="267.6494" />
        <RightBottom X="433.711975" Y="433.8247" />
        <LeftBottom X="267.6494" Y="433.8247" />
      </Transformer>
      <IsCrop>false</IsCrop>
    </Transform>
    <Effect />
    <Filter />
  </Layer>
  <Layer Id="111" Type="GeometryDount" Name="DountShadow" Opacity="0.473791778" BlendMode="None" Visibility="Visible" TagType="None" IsExpand="true" IsSelected="false">
    <HoleRadius>0.7942143</HoleRadius>
    <Style>
      <IsFollowTransform>true</IsFollowTransform>
      <Fill Type="Color">
        <Color A="255" R="0" G="0" B="0" />
      </Fill>
      <Stroke Type="None" />
      <StrokeWidth>0</StrokeWidth>
      <StrokeStyle DashStyle="Solid" DashCap="Square" StartCap="Flat" EndCap="Flat" DashOffset="0" MiterLimit="10" LineJoin="Miter" />
    </Style>
    <Transform>
      <Transformer>
        <LeftTop X="280" Y="280" />
        <RightTop X="944.7012" Y="280" />
        <RightBottom X="944.7012" Y="944.7012" />
        <LeftBottom X="280" Y="944.7012" />
      </Transformer>
      <IsCrop>false</IsCrop>
    </Transform>
    <Effect>
      <GaussianBlur Radius="30.8433952" />
    </Effect>
    <Filter />
  </Layer>
  <Layer Id="0" Type="GeometryRoundRect" Name="RoundRectShadow" Opacity="0.64742285" BlendMode="None" Visibility="Visible" TagType="None" IsExpand="true" IsSelected="false">
    <Corner>0.208159238</Corner>
    <Style>
      <IsFollowTransform>true</IsFollowTransform>
      <Fill Type="Color">
        <Color A="255" R="36" G="36" B="36" />
      </Fill>
      <Stroke Type="None" />
      <StrokeWidth>0</StrokeWidth>
      <StrokeStyle DashStyle="Solid" DashCap="Square" StartCap="Flat" EndCap="Flat" DashOffset="0" MiterLimit="10" LineJoin="Miter" />
    </Style>
    <Transform>
      <Transformer>
        <LeftTop X="99.37021" Y="103.476456" />
        <RightTop X="1123.37024" Y="103.476456" />
        <RightBottom X="1123.37024" Y="1127.47656" />
        <LeftBottom X="99.37021" Y="1127.47656" />
      </Transformer>
      <IsCrop>false</IsCrop>
    </Transform>
    <Effect>
      <GaussianBlur Radius="23.59121" />
    </Effect>
    <Filter />
  </Layer>
</Root>