﻿<?xml version="1.0" encoding="utf-8" standalone="no"?>
<Root>
  <Width>1200</Width>
  <Height>1200</Height>
  <Layerages>
    <Layerage Id="25">
      <Children>
        <Layerage Id="68">
          <Children>
            <Layerage Id="69" />
            <Layerage Id="70" />
            <Layerage Id="71" />
            <Layerage Id="72" />
          </Children>
        </Layerage>
        <Layerage Id="73">
          <Children>
            <Layerage Id="74" />
            <Layerage Id="75" />
            <Layerage Id="76" />
            <Layerage Id="77" />
          </Children>
        </Layerage>
        <Layerage Id="78">
          <Children>
            <Layerage Id="79" />
            <Layerage Id="80" />
            <Layerage Id="81" />
            <Layerage Id="82" />
          </Children>
        </Layerage>
        <Layerage Id="83">
          <Children>
            <Layerage Id="84" />
            <Layerage Id="85" />
            <Layerage Id="86" />
            <Layerage Id="87" />
          </Children>
        </Layerage>
      </Children>
    </Layerage>
    <Layerage Id="111" />
    <Layerage Id="2">
      <Children>
        <Layerage Id="7">
          <Children>
            <Layerage Id="5" />
            <Layerage Id="6" />
            <Layerage Id="4" />
            <Layerage Id="3" />
          </Children>
        </Layerage>
        <Layerage Id="8">
          <Children>
            <Layerage Id="10" />
            <Layerage Id="9" />
            <Layerage Id="11" />
            <Layerage Id="12" />
          </Children>
        </Layerage>
        <Layerage Id="13">
          <Children>
            <Layerage Id="15" />
            <Layerage Id="14" />
            <Layerage Id="16" />
            <Layerage Id="17" />
          </Children>
        </Layerage>
        <Layerage Id="18">
          <Children>
            <Layerage Id="20" />
            <Layerage Id="19" />
            <Layerage Id="21" />
            <Layerage Id="22" />
          </Children>
        </Layerage>
      </Children>
    </Layerage>
    <Layerage Id="0" />
  </Layerages>
</Root>