﻿<?xml version="1.0" encoding="utf-8" standalone="no"?>
<Root>
  <Layer Id="Group111" Type="Group" Name="Text" Opacity="1" BlendMode="None" Visibility="Visible" TagType="None" IsExpand="false" IsSelected="false">
    <Style>
      <IsFollowTransform>true</IsFollowTransform>
      <Fill Type="None" />
      <Stroke Type="None" />
      <StrokeWidth>1</StrokeWidth>
      <StrokeStyle DashStyle="Solid" DashCap="Square" StartCap="Flat" EndCap="Flat" DashOffset="0" MiterLimit="10" LineJoin="Miter" />
    </Style>
    <Transform>
      <Transformer>
        <LeftTop X="1649.92969" Y="175.931671" />
        <RightTop X="2544.87158" Y="175.931671" />
        <RightBottom X="2544.87158" Y="776.1533" />
        <LeftBottom X="1649.92969" Y="776.1533" />
      </Transformer>
      <IsCrop>false</IsCrop>
    </Transform>
    <Effect>
      <GaussianBlur Radius="0" />
    </Effect>
    <Filter />
  </Layer>
  <Layer Id="TextArtistic111" Type="TextArtistic" Name="V" Opacity="1" BlendMode="None" Visibility="Visible" TagType="None" IsExpand="false" IsSelected="false">
    <Text>Vector</Text>
    <FontSize>144</FontSize>
    <FontFamily>Arial</FontFamily>
    <HorizontalAlignment>Left</HorizontalAlignment>
    <FontStyle>Normal</FontStyle>
    <FontWeight>Normal</FontWeight>
    <Style>
      <IsFollowTransform>true</IsFollowTransform>
      <Fill Type="Color">
        <Color A="255" R="255" G="242" B="254" />
      </Fill>
      <Stroke Type="None" />
      <StrokeWidth>0</StrokeWidth>
      <StrokeStyle DashStyle="Solid" DashCap="Square" StartCap="Flat" EndCap="Flat" DashOffset="0" MiterLimit="10" LineJoin="Miter" />
    </Style>
    <Transform>
      <Transformer>
        <LeftTop X="1662.43" Y="175.931671" />
        <RightTop X="2215.53174" Y="175.931671" />
        <RightBottom X="2215.53174" Y="319.931671" />
        <LeftBottom X="1662.43" Y="319.931671" />
      </Transformer>
      <IsCrop>false</IsCrop>
    </Transform>
    <Effect />
    <Filter />
  </Layer>
  <Layer Id="TextArtistic222" Type="TextArtistic" Name="D" Opacity="1" BlendMode="None" Visibility="Visible" TagType="None" IsExpand="false" IsSelected="false">
    <Text>Design</Text>
    <FontSize>203.996338</FontSize>
    <FontFamily>Arial</FontFamily>
    <HorizontalAlignment>Left</HorizontalAlignment>
    <FontStyle>Normal</FontStyle>
    <FontWeight>Normal</FontWeight>
    <Style>
      <IsFollowTransform>true</IsFollowTransform>
      <Fill Type="Color">
        <Color A="255" R="255" G="242" B="254" />
      </Fill>
      <Stroke Type="None" />
      <StrokeWidth>0</StrokeWidth>
      <StrokeStyle DashStyle="Solid" DashCap="Square" StartCap="Flat" EndCap="Flat" DashOffset="0" MiterLimit="10" LineJoin="Miter" />
    </Style>
    <Transform>
      <Transformer>
        <LeftTop X="1649.92969" Y="343.4046" />
        <RightTop X="2433.47656" Y="343.4046" />
        <RightBottom X="2433.47656" Y="547.40094" />
        <LeftBottom X="1649.92969" Y="547.40094" />
      </Transformer>
      <IsCrop>false</IsCrop>
    </Transform>
    <Effect />
    <Filter />
  </Layer>
  <Layer Id="TextArtistic333" Type="TextArtistic" Name="S" Opacity="1" BlendMode="None" Visibility="Visible" TagType="None" IsExpand="false" IsSelected="false">
    <Text>Software</Text>
    <FontSize>203.9964</FontSize>
    <FontFamily>Arial</FontFamily>
    <HorizontalAlignment>Left</HorizontalAlignment>
    <FontStyle>Normal</FontStyle>
    <FontWeight>Normal</FontWeight>
    <Style>
      <IsFollowTransform>true</IsFollowTransform>
      <Fill Type="Color">
        <Color A="255" R="255" G="242" B="254" />
      </Fill>
      <Stroke Type="None" />
      <StrokeWidth>0</StrokeWidth>
      <StrokeStyle DashStyle="Solid" DashCap="Square" StartCap="Flat" EndCap="Flat" DashOffset="0" MiterLimit="10" LineJoin="Miter" />
    </Style>
    <Transform>
      <Transformer>
        <LeftTop X="1651.57166" Y="572.1569" />
        <RightTop X="2544.87158" Y="572.1569" />
        <RightBottom X="2544.87158" Y="776.1533" />
        <LeftBottom X="1651.57166" Y="776.1533" />
      </Transformer>
      <IsCrop>false</IsCrop>
    </Transform>
    <Effect />
    <Filter />
  </Layer>
  <Layer Id="GeometryRectangle000" Type="GeometryRectangle" Name="Icon" Opacity="1" BlendMode="None" Visibility="Visible" TagType="None" IsExpand="false" IsSelected="true">
    <Style>
      <IsFollowTransform>true</IsFollowTransform>
      <Fill Type="LinearGradient">
        <Stops>
          <Stop Position="0">
            <Color A="255" R="255" G="116" B="189" />
          </Stop>
          <Stop Position="1">
            <Color A="255" R="171" G="190" B="255" />
          </Stop>
        </Stops>
        <Extend>Clamp</Extend>
        <StartPoint X="1343.52148" Y="156.446243" />
        <EndPoint X="1253.08069" Y="554.3215" />
      </Fill>
      <Stroke Type="Color">
        <Color A="255" R="255" G="255" B="255" />
      </Stroke>
      <StrokeWidth>5.014502</StrokeWidth>
      <StrokeStyle DashStyle="Solid" DashCap="Square" StartCap="Flat" EndCap="Flat" DashOffset="0" MiterLimit="10" LineJoin="Miter" />
    </Style>
    <Transform>
      <Transformer>
        <LeftTop X="1169.64685" Y="116.923508" />
        <RightTop X="1517.394" Y="195.96875" />
        <RightBottom X="1426.95422" Y="593.844" />
        <LeftBottom X="1079.20728" Y="514.7987" />
      </Transformer>
      <IsCrop>false</IsCrop>
    </Transform>
    <Effect />
    <Filter />
  </Layer>
  <Layer Id="Group2222" Type="Group" Name="Background" Opacity="1" BlendMode="None" Visibility="Visible" TagType="None" IsExpand="true" IsSelected="false">
    <Style>
      <IsFollowTransform>true</IsFollowTransform>
      <Fill Type="None" />
      <Stroke Type="None" />
      <StrokeWidth>1</StrokeWidth>
      <StrokeStyle DashStyle="Solid" DashCap="Square" StartCap="Flat" EndCap="Flat" DashOffset="0" MiterLimit="10" LineJoin="Miter" />
    </Style>
    <Transform>
      <Transformer>
        <LeftTop X="-397.422668" Y="-443.0646" />
        <RightTop X="2553.24048" Y="-443.0646" />
        <RightBottom X="2553.24048" Y="1393.54138" />
        <LeftBottom X="-397.422668" Y="1393.54138" />
      </Transformer>
      <IsCrop>false</IsCrop>
    </Transform>
    <Effect />
    <Filter />
  </Layer>
  <Layer Id="GeometryRectangle111" Type="GeometryRectangle" Name="Background" Opacity="1" BlendMode="None" Visibility="Visible" TagType="None" IsExpand="false" IsSelected="false">
    <Style>
      <IsFollowTransform>true</IsFollowTransform>
      <Fill Type="LinearGradient">
        <Stops>
          <Stop Position="0">
            <Color A="255" R="254" G="120" B="82" />
          </Stop>
          <Stop Position="0.505352139">
            <Color A="255" R="88" G="113" B="252" />
          </Stop>
          <Stop Position="0.251255542">
            <Color A="255" R="225" G="94" B="255" />
          </Stop>
          <Stop Position="0.755362868">
            <Color A="255" R="122" G="137" B="255" />
          </Stop>
          <Stop Position="1">
            <Color A="255" R="179" G="200" B="255" />
          </Stop>
        </Stops>
        <Extend>Clamp</Extend>
        <StartPoint X="-0.5876179" Y="554.0619" />
        <EndPoint X="2554.67065" Y="566.166748" />
      </Fill>
      <Stroke Type="None" />
      <StrokeWidth>0</StrokeWidth>
      <StrokeStyle DashStyle="Solid" DashCap="Square" StartCap="Flat" EndCap="Flat" DashOffset="0" MiterLimit="10" LineJoin="Miter" />
    </Style>
    <Transform>
      <Transformer>
        <LeftTop X="-2.16104317" Y="-8.219239" />
        <RightTop X="2553.24048" Y="-8.219239" />
        <RightBottom X="2553.24048" Y="1149.143" />
        <LeftBottom X="-2.16104317" Y="1149.143" />
      </Transformer>
      <IsCrop>false</IsCrop>
    </Transform>
    <Effect />
    <Filter />
  </Layer>
  <Layer Id="GeometryRoundRect222" Type="GeometryRoundRect" Name="Rect1" Opacity="1" BlendMode="Lighten" Visibility="Visible" TagType="None" IsExpand="false" IsSelected="false">
    <Corner>0.207366556</Corner>
    <Style>
      <IsFollowTransform>true</IsFollowTransform>
      <Fill Type="LinearGradient">
        <Stops>
          <Stop Position="0">
            <Color A="78" R="255" G="255" B="255" />
          </Stop>
          <Stop Position="1">
            <Color A="0" R="255" G="255" B="255" />
          </Stop>
        </Stops>
        <Extend>Clamp</Extend>
        <StartPoint X="1206.62256" Y="651.9778" />
        <EndPoint X="-117.18644" Y="704.8891" />
      </Fill>
      <Stroke Type="LinearGradient">
        <Stops>
          <Stop Position="0">
            <Color A="160" R="255" G="255" B="255" />
          </Stop>
          <Stop Position="1">
            <Color A="0" R="255" G="255" B="255" />
          </Stop>
        </Stops>
        <Extend>Clamp</Extend>
        <StartPoint X="1294.5304" Y="671.8093" />
        <EndPoint X="580.299866" Y="535.3211" />
      </Stroke>
      <StrokeWidth>6.028349</StrokeWidth>
      <StrokeStyle DashStyle="Solid" DashCap="Square" StartCap="Flat" EndCap="Flat" DashOffset="0" MiterLimit="10" LineJoin="Miter" />
    </Style>
    <Transform>
      <Transformer>
        <LeftTop X="821.652161" Y="-443.0646" />
        <RightTop X="1365.12769" Y="749.1594" />
        <RightBottom X="154.551315" Y="1301.0011" />
        <LeftBottom X="-388.9242" Y="108.7771" />
      </Transformer>
      <IsCrop>false</IsCrop>
    </Transform>
    <Effect />
    <Filter />
  </Layer>
  <Layer Id="GeometryRoundRect333" Type="GeometryRoundRect" Name="Rect2" Opacity="1" BlendMode="Lighten" Visibility="Visible" TagType="None" IsExpand="false" IsSelected="false">
    <Corner>0.298055828</Corner>
    <Style>
      <IsFollowTransform>true</IsFollowTransform>
      <Fill Type="LinearGradient">
        <Stops>
          <Stop Position="0">
            <Color A="93" R="255" G="255" B="255" />
          </Stop>
          <Stop Position="1">
            <Color A="0" R="255" G="255" B="255" />
          </Stop>
        </Stops>
        <Extend>Clamp</Extend>
        <StartPoint X="800.2639" Y="404.6364" />
        <EndPoint X="336.035645" Y="419.650146" />
      </Fill>
      <Stroke Type="LinearGradient">
        <Stops>
          <Stop Position="0">
            <Color A="164" R="255" G="255" B="255" />
          </Stop>
          <Stop Position="1">
            <Color A="0" R="255" G="255" B="255" />
          </Stop>
        </Stops>
        <Extend>Clamp</Extend>
        <StartPoint X="893.059265" Y="197.617371" />
        <EndPoint X="11.6396332" Y="1232.12585" />
      </Stroke>
      <StrokeWidth>6.32753944</StrokeWidth>
      <StrokeStyle DashStyle="Solid" DashCap="Square" StartCap="Flat" EndCap="Flat" DashOffset="0" MiterLimit="10" LineJoin="Miter" />
    </Style>
    <Transform>
      <Transformer>
        <LeftTop X="157.122009" Y="-334.6275" />
        <RightTop X="975.246643" Y="-11.7963905" />
        <RightBottom X="420.701935" Y="1393.54138" />
        <LeftBottom X="-397.422668" Y="1070.71033" />
      </Transformer>
      <IsCrop>false</IsCrop>
    </Transform>
    <Effect />
    <Filter />
  </Layer>
</Root>