﻿<?xml version="1.0" encoding="utf-8" standalone="no"?>
<Root>
  <Width>2551</Width>
  <Height>1151</Height>
  <Layerages>
    <Layerage Id="Group111">
      <Children>
        <Layerage Id="TextArtistic111" />
        <Layerage Id="TextArtistic222" />
        <Layerage Id="TextArtistic333" />
      </Children>
    </Layerage>
    <Layerage Id="GeometryRectangle000" />
    <Layerage Id="Group2222">
      <Children>
        <Layerage Id="GeometryRoundRect333" />
        <Layerage Id="GeometryRoundRect222" />
        <Layerage Id="GeometryRectangle111" />
      </Children>
    </Layerage>
  </Layerages>
</Root>