﻿<?xml version="1.0" encoding="utf-8" standalone="no"?>
<Root>
  <Layer Id="Group1" Type="Group" Name="Text1" Opacity="1" BlendMode="None" Visibility="Visible" TagType="None" IsExpand="false" IsSelected="false">
    <Style>
      <IsFollowTransform>true</IsFollowTransform>
      <Fill Type="None" />
      <Stroke Type="None" />
      <StrokeWidth>1</StrokeWidth>
      <StrokeStyle DashStyle="Solid" DashCap="Square" StartCap="Flat" EndCap="Flat" DashOffset="0" MiterLimit="10" LineJoin="Miter" />
    </Style>
    <Transform>
      <Transformer>
        <LeftTop X="216.037628" Y="396.666565" />
        <RightTop X="1708.62964" Y="396.666565" />
        <RightBottom X="1708.62964" Y="1117.999" />
        <LeftBottom X="216.037628" Y="1117.999" />
      </Transformer>
      <IsCrop>false</IsCrop>
    </Transform>
    <Effect />
    <Filter />
  </Layer>
  <Layer Id="GeometryRectangle101" Type="GeometryRectangle" Name="" Opacity="1" BlendMode="None" Visibility="Visible" TagType="None" IsExpand="false" IsSelected="false">
    <Style>
      <IsFollowTransform>true</IsFollowTransform>
      <Fill Type="Color">
        <Color A="255" R="30" G="30" B="30" />
      </Fill>
      <Stroke Type="None" />
      <StrokeWidth>1</StrokeWidth>
      <StrokeStyle DashStyle="Solid" DashCap="Square" StartCap="Flat" EndCap="Flat" DashOffset="0" MiterLimit="10" LineJoin="Miter" />
    </Style>
    <Transform>
      <Transformer>
        <LeftTop X="332.5705" Y="445.983063" />
        <RightTop X="243.39122" Y="1057.91528" />
        <RightBottom X="216.037628" Y="1053.92883" />
        <LeftBottom X="305.216949" Y="441.996552" />
      </Transformer>
      <IsCrop>false</IsCrop>
    </Transform>
    <Effect />
    <Filter />
  </Layer>
  <Layer Id="GeometryRectangle102" Type="GeometryRectangle" Name="" Opacity="1" BlendMode="None" Visibility="Visible" TagType="None" IsExpand="false" IsSelected="false">
    <Style>
      <IsFollowTransform>true</IsFollowTransform>
      <Fill Type="Color">
        <Color A="255" R="30" G="30" B="30" />
      </Fill>
      <Stroke Type="None" />
      <StrokeWidth>1</StrokeWidth>
      <StrokeStyle DashStyle="Solid" DashCap="Square" StartCap="Flat" EndCap="Flat" DashOffset="0" MiterLimit="10" LineJoin="Miter" />
    </Style>
    <Transform>
      <Transformer>
        <LeftTop X="518.2549" Y="429.843445" />
        <RightTop X="497.879822" Y="569.6587" />
        <RightBottom X="470.5249" Y="565.671753" />
        <LeftBottom X="490.900116" Y="425.856476" />
      </Transformer>
      <IsCrop>false</IsCrop>
    </Transform>
    <Effect />
    <Filter />
  </Layer>
  <Layer Id="GeometryRectangle103" Type="GeometryRectangle" Name="" Opacity="1" BlendMode="None" Visibility="Visible" TagType="None" IsExpand="false" IsSelected="false">
    <Style>
      <IsFollowTransform>true</IsFollowTransform>
      <Fill Type="Color">
        <Color A="255" R="30" G="30" B="30" />
      </Fill>
      <Stroke Type="None" />
      <StrokeWidth>1</StrokeWidth>
      <StrokeStyle DashStyle="Solid" DashCap="Square" StartCap="Flat" EndCap="Flat" DashOffset="0" MiterLimit="10" LineJoin="Miter" />
    </Style>
    <Transform>
      <Transformer>
        <LeftTop X="447.956726" Y="606.26825" />
        <RightTop X="422.3971" Y="781.660645" />
        <RightBottom X="395.042053" Y="777.6736" />
        <LeftBottom X="420.6018" Y="602.281067" />
      </Transformer>
      <IsCrop>false</IsCrop>
    </Transform>
    <Effect />
    <Filter />
  </Layer>
  <Layer Id="GeometryRectangle104" Type="GeometryRectangle" Name="" Opacity="1" BlendMode="None" Visibility="Visible" TagType="None" IsExpand="false" IsSelected="false">
    <Style>
      <IsFollowTransform>true</IsFollowTransform>
      <Fill Type="Color">
        <Color A="255" R="30" G="30" B="30" />
      </Fill>
      <Stroke Type="None" />
      <StrokeWidth>1</StrokeWidth>
      <StrokeStyle DashStyle="Solid" DashCap="Square" StartCap="Flat" EndCap="Flat" DashOffset="0" MiterLimit="10" LineJoin="Miter" />
    </Style>
    <Transform>
      <Transformer>
        <LeftTop X="392.730652" Y="926.4814" />
        <RightTop X="377.8197" Y="1028.80176" />
        <RightBottom X="350.464142" Y="1024.81421" />
        <LeftBottom X="365.3752" Y="922.493652" />
      </Transformer>
      <IsCrop>false</IsCrop>
    </Transform>
    <Effect />
    <Filter />
  </Layer>
  <Layer Id="GeometryRectangle105" Type="GeometryRectangle" Name="" Opacity="1" BlendMode="None" Visibility="Visible" TagType="None" IsExpand="false" IsSelected="false">
    <Style>
      <IsFollowTransform>true</IsFollowTransform>
      <Fill Type="Color">
        <Color A="255" R="30" G="30" B="30" />
      </Fill>
      <Stroke Type="None" />
      <StrokeWidth>1</StrokeWidth>
      <StrokeStyle DashStyle="Solid" DashCap="Square" StartCap="Flat" EndCap="Flat" DashOffset="0" MiterLimit="10" LineJoin="Miter" />
    </Style>
    <Transform>
      <Transformer>
        <LeftTop X="609.703" Y="606.306763" />
        <RightTop X="591.554138" Y="730.8567" />
        <RightBottom X="564.198547" Y="726.8694" />
        <LeftBottom X="582.347534" Y="602.3193" />
      </Transformer>
      <IsCrop>false</IsCrop>
    </Transform>
    <Effect />
    <Filter />
  </Layer>
  <Layer Id="GeometryRectangle106" Type="GeometryRectangle" Name="" Opacity="1" BlendMode="None" Visibility="Visible" TagType="None" IsExpand="false" IsSelected="false">
    <Style>
      <IsFollowTransform>true</IsFollowTransform>
      <Fill Type="Color">
        <Color A="255" R="30" G="30" B="30" />
      </Fill>
      <Stroke Type="None" />
      <StrokeWidth>1</StrokeWidth>
      <StrokeStyle DashStyle="Solid" DashCap="Square" StartCap="Flat" EndCap="Flat" DashOffset="0" MiterLimit="10" LineJoin="Miter" />
    </Style>
    <Transform>
      <Transformer>
        <LeftTop X="911.6293" Y="612.140869" />
        <RightTop X="849.7216" Y="1036.9917" />
        <RightBottom X="822.368042" Y="1033.00586" />
        <LeftBottom X="884.2758" Y="608.1543" />
      </Transformer>
      <IsCrop>false</IsCrop>
    </Transform>
    <Effect />
    <Filter />
  </Layer>
  <Layer Id="GeometryRectangle107" Type="GeometryRectangle" Name="" Opacity="1" BlendMode="None" Visibility="Visible" TagType="None" IsExpand="false" IsSelected="false">
    <Style>
      <IsFollowTransform>true</IsFollowTransform>
      <Fill Type="Color">
        <Color A="255" R="30" G="30" B="30" />
      </Fill>
      <Stroke Type="None" />
      <StrokeWidth>1</StrokeWidth>
      <StrokeStyle DashStyle="Solid" DashCap="Square" StartCap="Flat" EndCap="Flat" DashOffset="0" MiterLimit="10" LineJoin="Miter" />
    </Style>
    <Transform>
      <Transformer>
        <LeftTop X="1125.12036" Y="680.619263" />
        <RightTop X="1063.217" Y="1105.47644" />
        <RightBottom X="1035.8634" Y="1101.49048" />
        <LeftBottom X="1097.76685" Y="676.6327" />
      </Transformer>
      <IsCrop>false</IsCrop>
    </Transform>
    <Effect />
    <Filter />
  </Layer>
  <Layer Id="GeometryRectangle108" Type="GeometryRectangle" Name="" Opacity="1" BlendMode="None" Visibility="Visible" TagType="None" IsExpand="false" IsSelected="false">
    <Style>
      <IsFollowTransform>true</IsFollowTransform>
      <Fill Type="Color">
        <Color A="255" R="30" G="30" B="30" />
      </Fill>
      <Stroke Type="None" />
      <StrokeWidth>1</StrokeWidth>
      <StrokeStyle DashStyle="Solid" DashCap="Square" StartCap="Flat" EndCap="Flat" DashOffset="0" MiterLimit="10" LineJoin="Miter" />
    </Style>
    <Transform>
      <Transformer>
        <LeftTop X="970.741638" Y="457.818573" />
        <RightTop X="948.3446" Y="611.5351" />
        <RightBottom X="920.986" Y="607.5473" />
        <LeftBottom X="943.3832" Y="453.8306" />
      </Transformer>
      <IsCrop>false</IsCrop>
    </Transform>
    <Effect />
    <Filter />
  </Layer>
  <Layer Id="GeometryRectangle109" Type="GeometryRectangle" Name="" Opacity="1" BlendMode="None" Visibility="Visible" TagType="None" IsExpand="false" IsSelected="false">
    <Style>
      <IsFollowTransform>true</IsFollowTransform>
      <Fill Type="Color">
        <Color A="255" R="30" G="30" B="30" />
      </Fill>
      <Stroke Type="None" />
      <StrokeWidth>1</StrokeWidth>
      <StrokeStyle DashStyle="Solid" DashCap="Square" StartCap="Flat" EndCap="Flat" DashOffset="0" MiterLimit="10" LineJoin="Miter" />
    </Style>
    <Transform>
      <Transformer>
        <LeftTop X="1318.29346" Y="400.653961" />
        <RightTop X="1255.58789" Y="831.056335" />
        <RightBottom X="1228.23132" Y="827.0694" />
        <LeftBottom X="1290.93689" Y="396.666565" />
      </Transformer>
      <IsCrop>false</IsCrop>
    </Transform>
    <Effect />
    <Filter />
  </Layer>
  <Layer Id="GeometryRectangle110" Type="GeometryRectangle" Name="" Opacity="1" BlendMode="None" Visibility="Visible" TagType="None" IsExpand="false" IsSelected="false">
    <Style>
      <IsFollowTransform>true</IsFollowTransform>
      <Fill Type="Color">
        <Color A="255" R="30" G="30" B="30" />
      </Fill>
      <Stroke Type="None" />
      <StrokeWidth>1</StrokeWidth>
      <StrokeStyle DashStyle="Solid" DashCap="Square" StartCap="Flat" EndCap="Flat" DashOffset="0" MiterLimit="10" LineJoin="Miter" />
    </Style>
    <Transform>
      <Transformer>
        <LeftTop X="1366.92261" Y="634.7865" />
        <RightTop X="1304.40674" Y="1063.889" />
        <RightBottom X="1277.05" Y="1059.902" />
        <LeftBottom X="1339.5658" Y="630.799" />
      </Transformer>
      <IsCrop>false</IsCrop>
    </Transform>
    <Effect />
    <Filter />
  </Layer>
  <Layer Id="GeometryRectangle111" Type="GeometryRectangle" Name="" Opacity="1" BlendMode="None" Visibility="Visible" TagType="None" IsExpand="false" IsSelected="false">
    <Style>
      <IsFollowTransform>true</IsFollowTransform>
      <Fill Type="Color">
        <Color A="255" R="30" G="30" B="30" />
      </Fill>
      <Stroke Type="None" />
      <StrokeWidth>1</StrokeWidth>
      <StrokeStyle DashStyle="Solid" DashCap="Square" StartCap="Flat" EndCap="Flat" DashOffset="0" MiterLimit="10" LineJoin="Miter" />
    </Style>
    <Transform>
      <Transformer>
        <LeftTop X="1463.83362" Y="589.5621" />
        <RightTop X="1436.01367" Y="780.5147" />
        <RightBottom X="1408.65369" Y="776.5265" />
        <LeftBottom X="1436.47351" Y="585.5736" />
      </Transformer>
      <IsCrop>false</IsCrop>
    </Transform>
    <Effect />
    <Filter />
  </Layer>
  <Layer Id="GeometryRectangle112" Type="GeometryRectangle" Name="" Opacity="1" BlendMode="None" Visibility="Visible" TagType="None" IsExpand="false" IsSelected="false">
    <Style>
      <IsFollowTransform>true</IsFollowTransform>
      <Fill Type="Color">
        <Color A="255" R="30" G="30" B="30" />
      </Fill>
      <Stroke Type="None" />
      <StrokeWidth>1</StrokeWidth>
      <StrokeStyle DashStyle="Solid" DashCap="Square" StartCap="Flat" EndCap="Flat" DashOffset="0" MiterLimit="10" LineJoin="Miter" />
    </Style>
    <Transform>
      <Transformer>
        <LeftTop X="1708.62964" Y="624.9946" />
        <RightTop X="1681.198" Y="813.282" />
        <RightBottom X="1653.838" Y="809.2937" />
        <LeftBottom X="1681.26953" Y="621.006165" />
      </Transformer>
      <IsCrop>false</IsCrop>
    </Transform>
    <Effect />
    <Filter />
  </Layer>
  <Layer Id="GeometryRectangle113" Type="GeometryRectangle" Name="" Opacity="1" BlendMode="None" Visibility="Visible" TagType="None" IsExpand="false" IsSelected="false">
    <Style>
      <IsFollowTransform>true</IsFollowTransform>
      <Fill Type="Color">
        <Color A="255" R="30" G="30" B="30" />
      </Fill>
      <Stroke Type="None" />
      <StrokeWidth>1</StrokeWidth>
      <StrokeStyle DashStyle="Solid" DashCap="Square" StartCap="Flat" EndCap="Flat" DashOffset="0" MiterLimit="10" LineJoin="Miter" />
    </Style>
    <Transform>
      <Transformer>
        <LeftTop X="1522.14685" Y="848.3703" />
        <RightTop X="1506.136" Y="958.2668" />
        <RightBottom X="1478.774" Y="954.2778" />
        <LeftBottom X="1494.78479" Y="844.381165" />
      </Transformer>
      <IsCrop>false</IsCrop>
    </Transform>
    <Effect />
    <Filter />
  </Layer>
  <Layer Id="GeometryRectangle114" Type="GeometryRectangle" Name="" Opacity="1" BlendMode="None" Visibility="Visible" TagType="None" IsExpand="false" IsSelected="false">
    <Style>
      <IsFollowTransform>true</IsFollowTransform>
      <Fill Type="Color">
        <Color A="255" R="30" G="30" B="30" />
      </Fill>
      <Stroke Type="None" />
      <StrokeWidth>1</StrokeWidth>
      <StrokeStyle DashStyle="Solid" DashCap="Square" StartCap="Flat" EndCap="Flat" DashOffset="0" MiterLimit="10" LineJoin="Miter" />
    </Style>
    <Transform>
      <Transformer>
        <LeftTop X="1440.5979" Y="957.673645" />
        <RightTop X="1419.71289" Y="1101.02612" />
        <RightBottom X="1392.35156" Y="1097.03748" />
        <LeftBottom X="1413.23657" Y="953.684753" />
      </Transformer>
      <IsCrop>false</IsCrop>
    </Transform>
    <Effect />
    <Filter />
  </Layer>
  <Layer Id="GeometryRectangle115" Type="GeometryRectangle" Name="" Opacity="1" BlendMode="None" Visibility="Visible" TagType="None" IsExpand="false" IsSelected="false">
    <Style>
      <IsFollowTransform>true</IsFollowTransform>
      <Fill Type="Color">
        <Color A="255" R="30" G="30" B="30" />
      </Fill>
      <Stroke Type="None" />
      <StrokeWidth>1</StrokeWidth>
      <StrokeStyle DashStyle="Solid" DashCap="Square" StartCap="Flat" EndCap="Flat" DashOffset="0" MiterLimit="10" LineJoin="Miter" />
    </Style>
    <Transform>
      <Transformer>
        <LeftTop X="1552.69226" Y="1010.30859" />
        <RightTop X="1537.00281" Y="1117.999" />
        <RightBottom X="1509.63965" Y="1114.00964" />
        <LeftBottom X="1525.32922" Y="1006.319" />
      </Transformer>
      <IsCrop>false</IsCrop>
    </Transform>
    <Effect />
    <Filter />
  </Layer>
  <Layer Id="Group2" Type="Group" Name="Text2" Opacity="1" BlendMode="None" Visibility="Visible" TagType="None" IsExpand="false" IsSelected="true">
    <Style>
      <IsFollowTransform>true</IsFollowTransform>
      <Fill Type="None" />
      <Stroke Type="None" />
      <StrokeWidth>1</StrokeWidth>
      <StrokeStyle DashStyle="Solid" DashCap="Square" StartCap="Flat" EndCap="Flat" DashOffset="0" MiterLimit="10" LineJoin="Miter" />
    </Style>
    <Transform>
      <Transformer>
        <LeftTop X="285.722046" Y="537.180054" />
        <RightTop X="1708.50745" Y="537.180054" />
        <RightBottom X="1708.50745" Y="1115.61108" />
        <LeftBottom X="285.722046" Y="1115.61108" />
      </Transformer>
      <IsCrop>false</IsCrop>
    </Transform>
    <Effect />
    <Filter />
  </Layer>
  <Layer Id="GeometryRectangle201" Type="GeometryRectangle" Name="" Opacity="1" BlendMode="None" Visibility="Visible" TagType="None" IsExpand="false" IsSelected="false">
    <Style>
      <IsFollowTransform>true</IsFollowTransform>
      <Fill Type="Color">
        <Color A="255" R="30" G="30" B="30" />
      </Fill>
      <Stroke Type="None" />
      <StrokeWidth>1</StrokeWidth>
      <StrokeStyle DashStyle="Solid" DashCap="Square" StartCap="Flat" EndCap="Flat" DashOffset="0" MiterLimit="10" LineJoin="Miter" />
    </Style>
    <Transform>
      <Transformer>
        <LeftTop X="288.156525" Y="537.180054" />
        <RightTop X="1366.429" Y="632.5138" />
        <RightBottom X="1363.99463" Y="660.048767" />
        <LeftBottom X="285.722046" Y="564.7151" />
      </Transformer>
      <IsCrop>false</IsCrop>
    </Transform>
    <Effect />
    <Filter />
  </Layer>
  <Layer Id="GeometryRectangle202" Type="GeometryRectangle" Name="" Opacity="1" BlendMode="None" Visibility="Visible" TagType="None" IsExpand="false" IsSelected="false">
    <Style>
      <IsFollowTransform>true</IsFollowTransform>
      <Fill Type="Color">
        <Color A="255" R="30" G="30" B="30" />
      </Fill>
      <Stroke Type="None" />
      <StrokeWidth>1</StrokeWidth>
      <StrokeStyle DashStyle="Solid" DashCap="Square" StartCap="Flat" EndCap="Flat" DashOffset="0" MiterLimit="10" LineJoin="Miter" />
    </Style>
    <Transform>
      <Transformer>
        <LeftTop X="1209.79016" Y="910.027832" />
        <RightTop X="1634.106" Y="960.772034" />
        <RightBottom X="1631.10779" Y="985.83075" />
        <LeftBottom X="1206.79224" Y="935.086548" />
      </Transformer>
      <IsCrop>false</IsCrop>
    </Transform>
    <Effect />
    <Filter />
  </Layer>
  <Layer Id="GeometryRectangle203" Type="GeometryRectangle" Name="" Opacity="1" BlendMode="None" Visibility="Visible" TagType="None" IsExpand="false" IsSelected="false">
    <Style>
      <IsFollowTransform>true</IsFollowTransform>
      <Fill Type="Color">
        <Color A="255" R="30" G="30" B="30" />
      </Fill>
      <Stroke Type="None" />
      <StrokeWidth>1</StrokeWidth>
      <StrokeStyle DashStyle="Solid" DashCap="Square" StartCap="Flat" EndCap="Flat" DashOffset="0" MiterLimit="10" LineJoin="Miter" />
    </Style>
    <Transform>
      <Transformer>
        <LeftTop X="1440.14954" Y="586.1013" />
        <RightTop X="1708.50745" Y="621.834656" />
        <RightBottom X="1705.1748" Y="646.850769" />
        <LeftBottom X="1436.817" Y="611.1174" />
      </Transformer>
      <IsCrop>false</IsCrop>
    </Transform>
    <Effect />
    <Filter />
  </Layer>
  <Layer Id="GeometryRectangle204" Type="GeometryRectangle" Name="" Opacity="1" BlendMode="None" Visibility="Visible" TagType="None" IsExpand="false" IsSelected="false">
    <Style>
      <IsFollowTransform>true</IsFollowTransform>
      <Fill Type="Color">
        <Color A="255" R="30" G="30" B="30" />
      </Fill>
      <Stroke Type="None" />
      <StrokeWidth>1</StrokeWidth>
      <StrokeStyle DashStyle="Solid" DashCap="Square" StartCap="Flat" EndCap="Flat" DashOffset="0" MiterLimit="10" LineJoin="Miter" />
    </Style>
    <Transform>
      <Transformer>
        <LeftTop X="1228.37036" Y="810.5117" />
        <RightTop X="1652.68616" Y="861.2559" />
        <RightBottom X="1649.688" Y="886.314636" />
        <LeftBottom X="1225.37244" Y="835.570435" />
      </Transformer>
      <IsCrop>false</IsCrop>
    </Transform>
    <Effect />
    <Filter />
  </Layer>
  <Layer Id="GeometryRectangle205" Type="GeometryRectangle" Name="" Opacity="1" BlendMode="None" Visibility="Visible" TagType="None" IsExpand="false" IsSelected="false">
    <Style>
      <IsFollowTransform>true</IsFollowTransform>
      <Fill Type="Color">
        <Color A="255" R="30" G="30" B="30" />
      </Fill>
      <Stroke Type="None" />
      <StrokeWidth>1</StrokeWidth>
      <StrokeStyle DashStyle="Solid" DashCap="Square" StartCap="Flat" EndCap="Flat" DashOffset="0" MiterLimit="10" LineJoin="Miter" />
    </Style>
    <Transform>
      <Transformer>
        <LeftTop X="1410.91223" Y="752.3522" />
        <RightTop X="1679.27014" Y="788.0855" />
        <RightBottom X="1675.9375" Y="813.1016" />
        <LeftBottom X="1407.57971" Y="777.3682" />
      </Transformer>
      <IsCrop>false</IsCrop>
    </Transform>
    <Effect />
    <Filter />
  </Layer>
  <Layer Id="GeometryRectangle206" Type="GeometryRectangle" Name="" Opacity="1" BlendMode="None" Visibility="Visible" TagType="None" IsExpand="false" IsSelected="false">
    <Style>
      <IsFollowTransform>true</IsFollowTransform>
      <Fill Type="Color">
        <Color A="255" R="30" G="30" B="30" />
      </Fill>
      <Stroke Type="None" />
      <StrokeWidth>1</StrokeWidth>
      <StrokeStyle DashStyle="Solid" DashCap="Square" StartCap="Flat" EndCap="Flat" DashOffset="0" MiterLimit="10" LineJoin="Miter" />
    </Style>
    <Transform>
      <Transformer>
        <LeftTop X="486.517761" Y="975.352539" />
        <RightTop X="660.89624" Y="990.761841" />
        <RightBottom X="658.6738" Y="1015.90173" />
        <LeftBottom X="484.295471" Y="1000.49231" />
      </Transformer>
      <IsCrop>false</IsCrop>
    </Transform>
    <Effect />
    <Filter />
  </Layer>
  <Layer Id="GeometryRectangle207" Type="GeometryRectangle" Name="" Opacity="1" BlendMode="None" Visibility="Visible" TagType="None" IsExpand="false" IsSelected="false">
    <Style>
      <IsFollowTransform>true</IsFollowTransform>
      <Fill Type="Color">
        <Color A="255" R="30" G="30" B="30" />
      </Fill>
      <Stroke Type="None" />
      <StrokeWidth>1</StrokeWidth>
      <StrokeStyle DashStyle="Solid" DashCap="Square" StartCap="Flat" EndCap="Flat" DashOffset="0" MiterLimit="10" LineJoin="Miter" />
    </Style>
    <Transform>
      <Transformer>
        <LeftTop X="988.4673" Y="1083.6582" />
        <RightTop X="1065.65332" Y="1090.473" />
        <RightBottom X="1063.43091" Y="1115.61108" />
        <LeftBottom X="986.244751" Y="1108.79626" />
      </Transformer>
      <IsCrop>false</IsCrop>
    </Transform>
    <Effect />
    <Filter />
  </Layer>
  <Layer Id="GeometryRectangle208" Type="GeometryRectangle" Name="" Opacity="1" BlendMode="None" Visibility="Visible" TagType="None" IsExpand="false" IsSelected="false">
    <Style>
      <IsFollowTransform>true</IsFollowTransform>
      <Fill Type="Color">
        <Color A="255" R="30" G="30" B="30" />
      </Fill>
      <Stroke Type="None" />
      <StrokeWidth>1</StrokeWidth>
      <StrokeStyle DashStyle="Solid" DashCap="Square" StartCap="Flat" EndCap="Flat" DashOffset="0" MiterLimit="10" LineJoin="Miter" />
    </Style>
    <Transform>
      <Transformer>
        <LeftTop X="356.0544" Y="628.8947" />
        <RightTop X="670.0537" Y="656.6378" />
        <RightBottom X="667.8313" Y="681.7773" />
        <LeftBottom X="353.832062" Y="654.034058" />
      </Transformer>
      <IsCrop>false</IsCrop>
    </Transform>
    <Effect />
    <Filter />
  </Layer>
  <Layer Id="GeometryRectangle209" Type="GeometryRectangle" Name="" Opacity="1" BlendMode="None" Visibility="Visible" TagType="None" IsExpand="false" IsSelected="false">
    <Style>
      <IsFollowTransform>true</IsFollowTransform>
      <Fill Type="Color">
        <Color A="255" R="30" G="30" B="30" />
      </Fill>
      <Stroke Type="None" />
      <StrokeWidth>1</StrokeWidth>
      <StrokeStyle DashStyle="Solid" DashCap="Square" StartCap="Flat" EndCap="Flat" DashOffset="0" MiterLimit="10" LineJoin="Miter" />
    </Style>
    <Transform>
      <Transformer>
        <LeftTop X="951.1741" Y="662.627869" />
        <RightTop X="1123.35779" Y="677.841" />
        <RightBottom X="1121.13538" Y="702.980469" />
        <LeftBottom X="948.95166" Y="687.7672" />
      </Transformer>
      <IsCrop>false</IsCrop>
    </Transform>
    <Effect />
    <Filter />
  </Layer>
  <Layer Id="Group3" Type="Group" Name="Circle" Opacity="1" BlendMode="None" Visibility="Visible" TagType="None" IsExpand="true" IsSelected="false">
    <Style>
      <IsFollowTransform>true</IsFollowTransform>
      <Fill Type="None" />
      <Stroke Type="None" />
      <StrokeWidth>1</StrokeWidth>
      <StrokeStyle DashStyle="Solid" DashCap="Square" StartCap="Flat" EndCap="Flat" DashOffset="0" MiterLimit="10" LineJoin="Miter" />
    </Style>
    <Transform>
      <Transformer>
        <LeftTop X="355.367065" Y="741.273743" />
        <RightTop X="617.8815" Y="741.273743" />
        <RightBottom X="617.8815" Y="1003.78809" />
        <LeftBottom X="355.367065" Y="1003.78809" />
      </Transformer>
      <IsCrop>false</IsCrop>
    </Transform>
    <Effect />
    <Filter />
  </Layer>
  <Layer Id="GeometryRectangle301" Type="GeometryRectangle" Name="Rect" Opacity="1" BlendMode="None" Visibility="Visible" TagType="None" IsExpand="false" IsSelected="false">
    <Style>
      <IsFollowTransform>true</IsFollowTransform>
      <Fill Type="Color">
        <Color A="255" R="2" G="117" B="236" />
      </Fill>
      <Stroke Type="None" />
      <StrokeWidth>1</StrokeWidth>
      <StrokeStyle DashStyle="Solid" DashCap="Square" StartCap="Flat" EndCap="Flat" DashOffset="0" MiterLimit="10" LineJoin="Miter" />
    </Style>
    <Transform>
      <Transformer>
        <LeftTop X="1269.6875" Y="638.207153" />
        <RightTop X="1358.11646" Y="651.195557" />
        <RightBottom X="1329.97046" Y="842.811768" />
        <LeftBottom X="1241.54175" Y="829.8234" />
      </Transformer>
      <IsCrop>false</IsCrop>
    </Transform>
    <Effect />
    <Filter />
  </Layer>
  <Layer Id="GeometryEllipse302" Type="GeometryEllipse" Name="Circle4" Opacity="1" BlendMode="None" Visibility="Visible" TagType="None" IsExpand="false" IsSelected="false">
    <Style>
      <IsFollowTransform>true</IsFollowTransform>
      <Fill Type="Color">
        <Color A="255" R="30" G="30" B="30" />
      </Fill>
      <Stroke Type="None" />
      <StrokeWidth>1</StrokeWidth>
      <StrokeStyle DashStyle="Solid" DashCap="Square" StartCap="Flat" EndCap="Flat" DashOffset="0" MiterLimit="10" LineJoin="Miter" />
    </Style>
    <Transform>
      <Transformer>
        <LeftTop X="355.367065" Y="741.273743" />
        <RightTop X="617.8815" Y="741.273743" />
        <RightBottom X="617.8815" Y="1003.78809" />
        <LeftBottom X="355.367065" Y="1003.78809" />
      </Transformer>
      <IsCrop>false</IsCrop>
    </Transform>
    <Effect />
    <Filter />
  </Layer>
  <Layer Id="GeometryEllipse303" Type="GeometryEllipse" Name="Circle3" Opacity="1" BlendMode="None" Visibility="Visible" TagType="None" IsExpand="false" IsSelected="false">
    <Style>
      <IsFollowTransform>true</IsFollowTransform>
      <Fill Type="Color">
        <Color A="255" R="255" G="255" B="255" />
      </Fill>
      <Stroke Type="None" />
      <StrokeWidth>1</StrokeWidth>
      <StrokeStyle DashStyle="Solid" DashCap="Square" StartCap="Flat" EndCap="Flat" DashOffset="0" MiterLimit="10" LineJoin="Miter" />
    </Style>
    <Transform>
      <Transformer>
        <LeftTop X="380.236877" Y="767.119141" />
        <RightTop X="589.4701" Y="767.119141" />
        <RightBottom X="589.4701" Y="976.3523" />
        <LeftBottom X="380.236877" Y="976.3523" />
      </Transformer>
      <IsCrop>false</IsCrop>
    </Transform>
    <Effect />
    <Filter />
  </Layer>
  <Layer Id="GeometryEllipse304" Type="GeometryEllipse" Name="Circle2" Opacity="1" BlendMode="None" Visibility="Visible" TagType="None" IsExpand="false" IsSelected="false">
    <Style>
      <IsFollowTransform>true</IsFollowTransform>
      <Fill Type="Color">
        <Color A="255" R="2" G="117" B="236" />
      </Fill>
      <Stroke Type="None" />
      <StrokeWidth>1</StrokeWidth>
      <StrokeStyle DashStyle="Solid" DashCap="Square" StartCap="Flat" EndCap="Flat" DashOffset="0" MiterLimit="10" LineJoin="Miter" />
    </Style>
    <Transform>
      <Transformer>
        <LeftTop X="412.061279" Y="798.001953" />
        <RightTop X="557.712036" Y="798.001953" />
        <RightBottom X="557.712036" Y="943.397766" />
        <LeftBottom X="412.061279" Y="943.397766" />
      </Transformer>
      <IsCrop>false</IsCrop>
    </Transform>
    <Effect />
    <Filter />
  </Layer>
  <Layer Id="GeometryEllipse305" Type="GeometryEllipse" Name="Circle1" Opacity="1" BlendMode="None" Visibility="Visible" TagType="None" IsExpand="false" IsSelected="false">
    <Style>
      <IsFollowTransform>true</IsFollowTransform>
      <Fill Type="Color">
        <Color A="255" R="255" G="255" B="255" />
      </Fill>
      <Stroke Type="None" />
      <StrokeWidth>1</StrokeWidth>
      <StrokeStyle DashStyle="Solid" DashCap="Square" StartCap="Flat" EndCap="Flat" DashOffset="0" MiterLimit="10" LineJoin="Miter" />
    </Style>
    <Transform>
      <Transformer>
        <LeftTop X="438.856659" Y="825.7388" />
        <RightTop X="530.850342" Y="825.7388" />
        <RightBottom X="530.850342" Y="917.732361" />
        <LeftBottom X="438.856659" Y="917.732361" />
      </Transformer>
      <IsCrop>false</IsCrop>
    </Transform>
    <Effect />
    <Filter />
  </Layer>
  <Layer Id="Curve1" Type="Curve" Name="Background" Opacity="1" BlendMode="None" Visibility="Visible" TagType="None" IsExpand="false" IsSelected="false">
    <Nodes>
      <Node IsSmooth="false">
        <Point X="-1.6350708" Y="153.068726" />
      </Node>
      <Node IsSmooth="false">
        <Point X="296.288452" Y="148.377747" />
      </Node>
      <Node IsSmooth="false">
        <Point X="169.3082" Y="1089.41357" />
      </Node>
      <Node IsSmooth="false">
        <Point X="1831.8324" Y="1233.74341" />
      </Node>
      <Node IsSmooth="false">
        <Point X="1831.8324" Y="1427.71094" />
      </Node>
      <Node IsSmooth="false">
        <Point X="-9.707611" Y="1436.87451" />
      </Node>
    </Nodes>
    <Style>
      <IsFollowTransform>true</IsFollowTransform>
      <Fill Type="Color">
        <Color A="255" R="2" G="117" B="236" />
      </Fill>
      <Stroke Type="None" />
      <StrokeWidth>1</StrokeWidth>
      <StrokeStyle DashStyle="Solid" DashCap="Square" StartCap="Flat" EndCap="Flat" DashOffset="0" MiterLimit="10" LineJoin="Miter" />
    </Style>
    <Transform>
      <Transformer>
        <LeftTop X="-9.707611" Y="148.377747" />
        <RightTop X="1831.8324" Y="148.377747" />
        <RightBottom X="1831.8324" Y="1436.87451" />
        <LeftBottom X="-9.707611" Y="1436.87451" />
      </Transformer>
      <IsCrop>false</IsCrop>
    </Transform>
    <Effect />
    <Filter />
  </Layer>
</Root>