﻿<?xml version="1.0" encoding="utf-8" standalone="no"?>
<Root>
  <Width>1920</Width>
  <Height>1427</Height>
  <Layerages>
    <Layerage Id="Group1">
      <Children>
        <Layerage Id="GeometryRectangle101" />
        <Layerage Id="GeometryRectangle102" />
        <Layerage Id="GeometryRectangle103" />
        <Layerage Id="GeometryRectangle104" />
        <Layerage Id="GeometryRectangle105" />
        <Layerage Id="GeometryRectangle106" />
        <Layerage Id="GeometryRectangle107" />
        <Layerage Id="GeometryRectangle108" />
        <Layerage Id="GeometryRectangle109" />
        <Layerage Id="GeometryRectangle110" />
        <Layerage Id="GeometryRectangle111" />
        <Layerage Id="GeometryRectangle112" />
        <Layerage Id="GeometryRectangle113" />
        <Layerage Id="GeometryRectangle114" />
        <Layerage Id="GeometryRectangle115" />
      </Children>
    </Layerage>
    <Layerage Id="Group2">
      <Children>
        <Layerage Id="GeometryRectangle201" />
        <Layerage Id="GeometryRectangle202" />
        <Layerage Id="GeometryRectangle203" />
        <Layerage Id="GeometryRectangle204" />
        <Layerage Id="GeometryRectangle205" />
        <Layerage Id="GeometryRectangle206" />
        <Layerage Id="GeometryRectangle207" />
        <Layerage Id="GeometryRectangle208" />
        <Layerage Id="GeometryRectangle209" />
      </Children>
    </Layerage>
    <Layerage Id="GeometryRectangle301" />
    <Layerage Id="Group3">
      <Children>
        <Layerage Id="GeometryEllipse305" />
        <Layerage Id="GeometryEllipse304" />
        <Layerage Id="GeometryEllipse303" />
        <Layerage Id="GeometryEllipse302" />
      </Children>
    </Layerage>
    <Layerage Id="Curve1" />
  </Layerages>
</Root>